userID,hoursPlayed,level,pelletsEaten,fruitEaten,ghostsEaten,avgScore,maxScore,totalScore,churned
887506364,4523,195,954353,1176,4732,2170,2180,211598,T
650823683,3004,13,108144,1639,2168,1302,3286,211468,T
840297545,71,1,17040,520,10410,1736,3707,211224,T
011823030,2978,27,184636,982,34701,1736,3669,211759,T
309231105,4436,185,319392,853,2238,2170,2586,211320,T
563660331,3112,3,662856,782,3470,868,3745,211155,T
703383430,14,1,1806,751,6123,1302,2793,210940,T
901838492,4395,221,57135,550,5078,1302,4126,210970,T
141044127,147,21,25578,1301,4004,1302,3230,211251,T
030906922,154,1,33418,779,2570,1302,2928,211405,T
281127498,75,1,13050,542,3928,434,3373,211649,T
991726261,4497,185,395736,421,3528,2170,2180,211108,T
622469421,1,10,166,576,2393,868,2470,210921,T
862392603,27,1,6696,1030,4842,2170,2180,211102,T
213590286,7,1,238,1626,20821,434,1975,211719,T
067824328,3153,12,640059,1125,6123,1302,2667,211397,T
980983546,3007,29,159371,2002,5205,2170,2306,211192,T
186565528,4388,215,57044,832,7711,2170,2180,211589,T
170191892,115,1,21965,740,5627,434,2142,211593,T
081819763,103,1,9888,1779,16016,868,2417,211248,T
075436956,2985,10,588045,525,3785,1736,3717,211704,F
398433777,3132,4,607608,496,3470,434,3798,211324,F
133829713,3107,27,217490,676,5205,1302,3378,211082,F
153953870,4483,218,152422,2669,5948,2170,4246,210955,T
094709580,4402,211,572260,743,2478,1736,3569,211148,T
386087182,3035,23,467390,420,6940,434,3867,211302,F
549113072,111,1,14319,836,3652,1736,3556,210954,T
041307921,4435,206,376975,523,3203,1736,2959,211201,T
520757489,2977,27,654940,660,4004,1302,2621,211652,F
598543616,4509,185,523044,510,3855,1736,4445,211040,T
083462157,4455,200,1024650,1842,2393,1736,3593,211886,T
137896043,3119,22,230806,533,4526,1736,3521,211463,F
779477037,3042,29,310284,776,13880,1736,3082,210980,T
492252459,3147,28,755280,684,5948,2170,2410,211566,F
456867225,4344,219,321456,1859,2932,434,3223,211192,T
127828823,4513,219,478378,418,3154,434,1958,211133,T
717860819,161,1,21252,2449,2103,868,1980,211419,T
700346387,4401,195,92421,658,10958,868,3437,211262,T
793035384,4440,219,213120,836,5627,1302,2652,211750,T
545907149,4335,185,1049070,1565,2168,868,3034,211587,T
066012004,4517,200,569142,1352,3470,2170,2497,210979,T
551567796,156,1,25584,578,2570,1736,3104,210998,T
432840758,142,3,34932,826,8328,434,4245,211277,T
864864120,3143,8,455735,543,2602,1302,3921,211801,F
372744069,6,1,126,1041,2776,2170,3405,211565,T
573132084,3101,34,489958,1945,3928,1302,2149,210907,T
209814202,4526,189,1040980,955,4082,2170,4103,211768,T
762943536,4509,201,81162,485,6506,1302,4057,211303,T
860276037,5,21,915,1842,2602,2170,3474,211646,T
762589066,157,15,16485,722,20821,1302,2803,211383,T
924778804,4492,202,112300,1196,2288,1736,2295,211204,T
904582163,3067,24,257628,785,2339,1736,3401,210991,T
735277277,3085,11,502855,421,2776,434,3649,211059,F
017985975,2985,12,265665,996,5948,1302,2598,211612,T
596482581,3057,1,143679,462,9464,1736,2793,211402,F
788337348,1,4,57,1095,41642,868,3512,211265,T
095728352,4413,214,754623,1196,6309,434,4135,211872,T
304921791,3098,1,377956,533,3253,1736,3519,211850,F
617034059,4332,213,541500,2238,3413,2170,2988,211020,T
790084629,2979,30,288963,1010,3061,2170,4002,210997,T
191651152,4435,211,53220,481,10410,1736,4211,211555,T
825142836,3,1,750,634,3304,434,3866,211345,T
988155890,3068,26,423384,472,2215,2170,3282,211369,F
326425717,3121,1,318342,476,2974,1736,4037,210902,F
526319665,4466,217,303688,467,2539,434,3355,211882,T
759154755,4355,198,256945,1589,8008,1302,3421,211110,T
771429473,3016,25,684632,810,4164,1736,4349,210891,T
998730000,115,1,13455,991,8328,434,2101,211273,T
268788424,3168,1,620928,539,26026,2170,2180,210982,F
437953353,125,1,20375,432,18928,1302,1828,211836,T
040245965,4354,219,95788,728,3358,2170,3434,211509,T
392436135,4344,186,82536,1041,5627,434,2725,211427,T
279894647,6,1,594,785,2478,868,3544,211853,T
192448431,4407,215,251199,905,3528,868,3813,211197,T
999533872,4416,188,145728,1497,29744,868,3165,211879,T
830776070,4428,185,885600,443,5479,1302,3460,211139,T
440640214,109,1,3379,722,3528,2170,2355,210936,T
608507242,3164,14,658112,2002,2974,2170,3196,211773,T
487028973,3141,10,593649,2191,3528,2170,2180,210929,T
281128828,3096,1,195048,419,6716,2170,2609,211554,F
962569356,83,1,2988,1015,3061,1736,3292,211735,T
579465434,4365,203,196425,429,4526,2170,3119,211095,T
119568677,4336,184,884544,658,3928,868,2884,210985,T
105556486,4523,201,556329,1859,5948,2170,2834,211361,T
266229597,3158,31,445278,819,2082,2170,3862,211021,T
998723482,4517,199,1129250,424,9052,1302,3768,211765,T
732682948,3019,20,431717,623,4337,1302,4341,211554,F
103509018,138,1,8832,463,3928,434,3311,211448,T
438608868,4360,212,61040,463,2635,2170,3948,211146,T
092475949,4454,184,1064506,442,3154,2170,2501,210946,T
961262171,4422,207,79596,416,4004,868,3517,211868,T
451642770,4335,191,524535,1030,3785,868,3332,211178,T
224266827,2987,20,716880,977,2421,1736,2660,211149,T
139735068,123,18,5166,572,3470,1736,4176,211024,T
384854008,156,17,1872,671,3017,868,2644,210921,T
253475465,4476,211,913104,917,2813,2170,2899,211651,T
629892575,97,14,9797,1508,4337,434,2334,211000,T
947290746,50,11,9450,660,10410,868,1708,210903,T
697339429,3149,1,629800,430,2449,434,3803,211585,F
437098743,4348,189,591328,832,3253,1736,2588,211569,T
592820712,4360,203,497040,1779,2421,2170,3454,210987,T
291550673,2325,33,527775,2449,34701,434,2696,210995,F
573766662,103,1,24102,1542,8328,868,3468,211091,T
264670126,90,19,6570,1639,8008,1736,3580,211146,T
498614407,145,1,31900,605,29744,868,4082,210941,T
577364416,4333,181,870933,1309,2602,1736,3413,211376,T
445177081,3007,10,420980,423,9052,1302,3435,211414,F
756820816,4358,220,893390,466,4337,434,3399,211359,T
999202707,3052,28,67144,423,6940,1302,4262,211307,F
065878130,3093,19,272184,594,17350,1736,3078,211698,F
725223892,52,1,5460,634,4430,1302,2064,211050,T
140161294,3081,4,569985,607,3652,868,4184,211505,F
650394755,3,19,282,516,3107,1302,2992,211633,T
566975425,4376,203,398216,473,20821,1302,2804,211573,T
210676911,4332,188,389880,549,3928,868,3335,211296,T
217166534,4457,212,218393,725,3718,1302,2551,211666,T
873633403,43,1,7740,1652,2238,1736,4123,211619,T
369146562,21,1,4746,442,4249,868,3762,211745,T
590407460,4507,193,964498,1626,3017,1736,3981,211728,T
014747533,4345,197,851620,492,2238,868,3548,211323,T
046295663,4474,212,366868,1456,2704,868,2779,211057,T
771092190,3007,2,553288,1369,6716,434,1872,211609,T
210936187,83,1,17679,2191,4337,1302,2760,211599,T
203067812,4452,215,240408,2421,4842,1302,3525,210920,T
938602896,105,8,14385,472,2852,2170,3954,211753,T
323662227,160,1,12000,846,11567,1736,1960,211656,T
223651530,13,2,2093,1542,18928,1302,3486,211618,T
025685547,146,2,12118,663,5205,434,2597,211786,T
883118716,3086,21,521534,476,26026,434,4394,211331,F
769572569,19,20,4066,2974,20821,1302,2418,211038,T
488374808,4367,195,340626,527,14872,2170,2180,211794,T
080217871,100,1,17400,800,3358,2170,2388,211274,T
724072036,131,8,22532,424,5948,1302,2827,211788,T
457190832,2983,14,29830,1779,2602,2170,2180,211483,T
401834692,3130,28,447590,2570,2974,1302,1800,211592,T
262164032,4469,221,558625,878,2103,1302,1873,211179,T
363352856,67,1,14271,586,6506,434,3510,211075,T
512507601,4387,189,710694,495,2238,868,2161,211787,T
137560820,4420,212,163540,853,2602,1736,2696,211181,T
628641824,4425,211,207975,549,4430,868,1824,211130,T
278844637,3150,1,409500,1246,14872,1302,3683,211065,T
567169806,132,1,8184,2852,2891,1736,3743,211104,T
097339269,127,1,10160,463,3589,1302,2043,211284,T
883084659,4453,220,917318,1706,2421,868,2591,211448,T
835340608,4496,205,530528,559,3470,868,3061,211192,T
774233806,147,1,3528,1456,2570,2170,3785,211449,T
641633010,3,1,339,646,3358,1736,3913,211379,T
503032542,2,3,184,846,9914,2170,2294,211489,T
482116890,3089,17,525130,1254,2263,1302,4332,211838,T
334896317,4507,202,198308,846,2263,1302,1916,211564,T
444192608,70,1,15680,2238,5479,434,4205,211357,T
835371153,4375,206,813750,584,2168,434,3372,211173,T
022086291,4424,218,137144,2021,2263,1736,3386,211027,T
608898020,88,1,10824,710,5479,868,2073,210927,T
142013206,3104,32,425248,1056,7436,434,4211,211411,T
855211416,99,17,20691,489,26026,1736,3248,211766,T
411325880,3019,28,214349,901,14872,1736,3100,211300,T
613315709,4508,216,261464,509,13880,1302,1966,211791,T
140627995,4387,191,438700,444,2215,868,2170,211241,T
204847105,4411,191,758692,473,10958,434,4038,211292,T
248806404,3127,7,719210,1073,3107,868,4223,211450,T
532766386,41,1,7544,617,2602,1302,4452,211804,T
971281558,19,15,969,2263,7436,2170,3422,211689,T
525622312,4476,192,751968,619,4842,1736,3595,211791,T
728465467,4488,216,1095072,913,13013,2170,3432,211528,T
260042623,3066,10,98112,1261,2449,1736,3317,211115,T
341498610,162,20,13770,2813,2082,1736,1746,210967,T
075322065,26,17,4108,441,3785,1302,4336,211221,T
199185707,4505,191,567630,543,3304,1302,4371,211666,T
620362666,118,1,6018,445,4164,434,3341,211301,T
862016300,3080,12,258720,687,3413,1736,3731,210977,F
078023262,3131,30,225432,849,8675,1302,3818,211077,T
251863914,3168,20,513216,730,20821,868,2876,211167,F
204784040,4419,216,967761,986,23134,2170,2386,211339,T
982545239,4408,193,850744,950,5338,434,3540,210982,T
594544161,141,14,28482,836,6123,868,2830,211346,T
919076335,3051,20,274590,418,10958,434,4119,211256,F
798259056,4423,183,946522,959,26026,1302,2631,211799,T
809598599,4334,197,931810,507,2263,868,2371,211184,T
496708222,38,18,912,759,9052,434,3585,211796,T
044655727,4510,212,72160,535,2124,2170,3884,211661,T
216513542,146,15,21900,612,8328,2170,2180,210943,T
277013175,4371,181,170469,583,2739,1302,4158,211264,T
517627193,4384,216,1043392,2669,2313,1302,3554,211175,T
265958977,3158,7,249482,1369,2146,1736,1832,211663,T
175365931,27,1,2214,480,26026,868,2520,211332,T
258350859,4514,216,541680,581,2669,2170,2180,211065,T
584748921,3003,1,690690,467,2539,1736,2449,211404,F
985723429,4526,215,782998,1706,3589,1736,3617,210960,T
731908217,3102,14,248160,1156,2191,2170,2202,211543,T
794173726,4420,202,256360,800,9914,434,3489,211117,T
952238911,96,12,22080,1964,2263,1736,3085,211483,T
895805679,2262,34,490854,3506,30678,449,1154,525890,T
953613211,3153,33,409890,1639,6123,434,3546,210940,T
496973340,4,16,216,479,6309,2170,2618,210909,T
873330944,3007,21,640491,771,6309,868,4254,210882,T
832294024,4357,182,169923,2891,3855,1736,2631,211534,T
966123455,80,1,18960,1090,2393,868,1702,211094,T
856475574,4470,215,894000,991,2704,868,3428,211874,T
023286035,147,11,24990,933,2124,1302,2641,211066,T
728218843,3,1,579,468,2191,1736,1945,211674,T
862326264,126,1,5544,1794,13880,1302,2070,211774,T
108411854,3015,29,220095,1692,3358,2170,2368,211563,T
245554984,3084,4,354660,794,7436,1302,2057,210955,T
652310272,91,5,3549,1553,41642,1302,4125,211643,T
939123549,4450,181,106800,1015,4004,1302,1853,211739,T
177075220,4353,214,365652,425,4526,434,2687,211408,T
385389671,98,1,6370,603,41642,434,3147,211049,T
384530022,38,1,1558,476,4337,868,1823,211745,T
184102379,71,1,2840,860,3785,1736,2169,211301,T
591733353,12,5,2028,937,9052,868,2593,211224,T
627866492,2984,4,584864,874,6940,1302,1880,211591,T
366969398,151,14,23103,439,3928,1736,4083,211579,T
203725960,4502,187,904902,424,18928,434,4228,211626,T
601385507,2165,52,376710,897,18928,434,2115,211881,F
447463475,143,7,33033,713,4526,434,3318,211295,T
178289427,4330,217,982910,431,5338,2170,2589,211104,T
487011049,4411,210,970420,658,5783,434,2725,211001,T
366423486,34,1,3128,1352,2103,2170,3386,210914,T
646661344,4,5,716,652,7179,1302,4158,211104,T
870722700,4438,196,532560,950,5078,434,4228,211052,T
470059947,149,7,36207,1397,8328,1736,2716,211279,T
961802259,2981,7,271271,510,4732,2170,2180,211083,F
648293449,3123,15,530910,1119,2739,1302,2508,211060,T
157074310,3162,29,597618,1041,3154,1302,4212,211388,T
635009169,123,1,26568,968,2570,1302,3747,211322,T
951028265,3144,34,276672,757,2288,1302,3504,211635,T
748498383,2974,2,315244,455,4957,2170,2546,211212,F
273403326,24,1,768,794,3855,2170,2821,211513,T
602986054,3163,29,487102,1720,3528,1736,2510,211874,T
978833542,119,8,26775,524,2704,434,3123,210983,T
549732987,156,1,24180,510,2339,2170,2380,211116,T
415968006,9,1,1107,665,2570,434,2650,211148,T
038860528,130,1,16770,434,4842,1302,3495,210932,T
232506431,126,12,7308,1125,13880,2170,3217,211490,T
009004783,3141,28,210447,871,2215,1736,3897,211073,T
645569413,161,1,23828,673,2393,2170,3686,211043,T
704139831,36,1,4356,849,4337,2170,2180,211037,T
397979308,3155,17,574210,459,2238,2170,3216,211129,F
476959596,2175,25,524175,1735,10410,434,1851,211157,F
395472028,140,13,8960,807,2168,434,4319,211794,T
252954987,3072,23,534528,996,7436,2170,4425,210986,T
094362600,4476,182,635592,1779,4732,868,3769,211280,T
225195115,34,1,4624,909,3718,1302,3011,211151,T
435222367,3022,32,108792,684,13880,1736,3482,211383,F
651657759,12,1,144,1067,2082,1736,3156,211837,T
154456142,2251,36,362411,1875,9052,434,2042,211242,F
549219417,4377,202,796614,432,3589,434,2208,211057,T
367825194,4396,208,826448,1842,2146,868,4416,211873,T
462253810,4421,186,884200,1203,2082,2170,2180,211247,T
799439545,3137,37,436043,458,11567,2170,3544,211477,F
965154986,3117,1,480018,684,2215,1302,2622,211817,F
075114718,3157,29,75768,1232,5783,2170,2499,210879,T
563452255,3119,36,470969,437,34701,1736,2676,211814,F
361892836,20,1,3400,525,11567,2170,3449,210963,T
998491286,3125,1,659375,2393,2421,434,3284,211707,T
846635164,4442,206,270962,421,12247,1736,2731,211501,T
922724458,3146,2,286286,489,3253,2170,3069,211392,F
508994786,4425,200,637200,1487,3061,1736,3753,210919,T
040804094,24,1,3984,925,4082,2170,2810,211529,T
550803200,4443,208,226593,605,5479,2170,4274,211500,T
820248321,10,1,190,832,2191,1736,3288,211644,T
262477712,6,1,1248,478,3154,1736,1746,211057,T
793108090,2976,33,267840,1035,8675,434,3677,211033,T
543795222,4442,200,848422,617,3358,2170,4399,211478,T
526727423,13,10,3211,913,3470,1302,3991,211630,T
281918766,4412,221,352960,933,3470,1302,3589,211743,T
870553365,3026,1,526524,510,10410,1302,4220,211640,F
304921185,85,13,3400,1078,2393,1302,1961,211674,T
104825450,2991,6,454632,886,16016,1736,2853,211687,T
687496064,159,13,33231,696,2263,868,3320,211667,T
583834695,56,1,7784,882,6123,1302,3146,211869,T
739606589,2968,29,373968,972,6716,868,3497,211291,T
558747921,49,1,4263,1749,7436,1302,3082,211585,T
541505598,4509,186,834165,2146,5338,434,3213,211814,T
373584404,4474,218,586094,418,5783,1736,1779,211263,T
922852618,10,18,480,2191,13013,2170,2542,211412,T
034134509,107,1,22363,1665,2082,1302,3435,211308,T
586518188,4418,216,393202,443,2478,1302,3142,211081,T
177612521,4433,219,110825,1810,6506,1302,2668,211656,T
210766948,83,1,14940,1859,2215,1736,4081,211865,T
203354593,2968,18,492688,1163,2508,2170,4312,211160,T
188258907,3093,1,238161,1326,5205,1302,2946,211676,T
467329403,4471,211,160956,2061,2852,1302,3226,210917,T
244281493,4501,195,144032,705,2932,1302,2057,211836,T
700101979,3132,6,701568,794,6123,868,2696,211066,T
979613698,121,13,24926,1508,2421,1302,2187,211643,T
525754579,6,1,936,600,3718,1736,2483,211354,T
623133566,127,6,8382,1542,2891,2170,2348,211695,T
027086791,114,10,21204,1224,2739,2170,3480,211142,T
566923661,4372,186,966212,860,2103,434,2642,211835,T
164776706,3162,3,679830,963,12247,2170,3082,211670,T
999007979,4424,187,265440,874,4164,868,2928,211708,T
616477146,4334,198,524414,1542,2313,1736,1994,211056,T
253857710,3015,5,672345,454,7179,1736,3563,211514,F
051893649,3,1,627,646,3718,434,2262,211340,T
283309006,4435,199,638640,1416,2215,868,2385,211268,T
358317397,47,1,5546,2146,2478,1302,3692,211168,T
629168243,71,10,3337,1749,8008,434,2401,211331,T
521725689,157,5,3768,428,3928,2170,3792,211284,T
246913905,4492,219,62888,757,7179,1302,3703,211118,T
557838013,4382,217,490784,1426,6716,2170,3899,211504,T
317360065,62,3,3596,644,2813,1736,4197,211150,T
614415535,3094,31,467194,648,5783,1736,2252,211278,F
241299294,13,17,3016,1406,5338,434,3580,211684,T
161925953,59,1,12921,514,13013,1736,2155,211283,T
035987826,2978,26,449678,2082,2103,2170,4068,211884,T
620981784,4527,191,430065,467,2478,1302,2370,211750,T
918868014,6,1,876,515,13880,2170,3694,211722,T
079865008,4351,204,461206,501,14872,434,3378,211710,T
108575384,4376,185,669528,536,3061,1736,3366,211885,T
251009757,2992,15,526592,479,26026,2170,3279,211575,F
153801710,4360,203,405480,2891,5627,434,2077,211784,T
398188586,4472,195,415896,762,10410,868,3313,211579,T
892557821,4375,203,1006250,860,4526,2170,3562,211553,T
849947689,3066,3,521220,1794,2366,1302,3987,211495,T
297305707,4410,209,476280,422,3358,1736,3371,210898,T
155334902,4465,212,165205,426,2776,868,4435,211441,T
985215391,8,13,1768,816,2191,868,2390,211621,T
477605066,16,1,1984,708,9052,434,2063,211853,T
899308783,4444,189,951016,2478,3855,2170,4010,210918,T
429710488,4471,199,925497,1309,34701,1302,2831,211443,T
550342740,2969,24,290962,1119,2339,2170,4044,211703,T
755906144,4337,196,745964,1041,2146,868,2566,211044,T
643894844,4438,215,492618,1360,2669,1302,4148,211211,T
788877929,3028,31,666160,803,26026,434,3879,211578,T
093802391,4406,181,779862,483,7436,868,4266,210987,T
786229628,34,1,4114,1487,16016,1302,1829,211550,T
764628033,4409,184,489399,1261,3785,434,2837,211846,T
692026096,4519,195,673331,500,16016,2170,3910,211072,T
066962913,60,6,9840,559,3652,1736,1851,211860,T
880898950,3094,1,773500,463,4526,1736,3977,211661,F
928122346,8,1,976,1010,2891,868,2369,211560,T
559432810,2,10,146,556,2393,1302,2621,211822,T
438427213,4528,202,860320,1665,2570,434,2280,211569,T
203857528,3059,8,119301,856,9914,1736,2578,211450,T
314401381,25,14,1925,1842,4249,1302,2611,211275,T
445918092,95,3,10830,1910,34701,1302,2730,211747,T
543700781,4425,198,336300,1565,5205,2170,3706,210891,T
757287483,4454,194,592382,1892,5078,1302,1748,211366,T
903751124,76,20,15352,1406,7179,2170,2661,211258,T
774391701,3044,37,614888,531,14872,1736,1952,211580,F
074087406,76,19,15352,429,6940,1302,4337,211458,T
631670224,14,1,3024,496,2339,1736,2739,211725,T
123429421,4505,186,901000,669,5205,868,2754,211830,T
492000259,4387,197,873013,573,3528,2170,2180,211746,T
243690565,4343,196,951117,673,4732,1736,3935,211557,T
042134656,79,16,11455,600,3061,434,3483,211023,T
738467401,152,15,35568,882,2478,868,3198,211398,T
370313239,3024,1,483840,1107,2215,2170,3431,211186,T
961918429,4444,217,808808,538,26026,2170,4213,211460,T
886015738,4364,185,248748,515,2602,1302,3585,211437,T
861952953,77,18,4851,676,2421,2170,2934,210946,T
506580454,4506,204,851634,785,4957,434,2356,211339,T
092366638,4474,188,568198,1062,3154,434,3233,211051,T
731398469,4413,217,564864,531,5205,434,2979,211573,T
433322864,3130,13,128330,431,6506,1736,3423,211880,F
189003415,4431,205,890631,785,4626,868,3092,211066,T
169548586,3102,37,465300,1826,14872,2170,2816,211352,T
647676048,4428,185,531360,1196,4732,1736,2579,211051,T
082497014,4479,201,129891,996,34701,2170,3659,211107,T
195239402,14,1,140,1246,2146,1736,2570,211277,T
156422376,10,8,170,619,6123,434,2517,211465,T
548839394,3025,27,117975,1067,7179,434,3965,211889,T
098699510,3121,14,418214,1309,2974,1302,3669,211876,T
027015816,4432,218,620480,453,2168,2170,3031,211130,T
805065597,2982,10,149100,2002,8328,434,3912,211564,T
812415122,3110,23,506930,2288,7711,2170,3082,211455,T
837119117,3146,9,484484,1285,2421,2170,4295,211632,T
730108162,3053,11,625865,504,3358,1736,3624,211006,F
857956249,4476,197,443124,759,10410,1302,2569,211803,T
628319353,139,1,5143,1056,7436,868,4226,211808,T
632416934,4340,214,1015560,803,11567,2170,2185,211236,T
920651753,4361,206,968142,765,14872,2170,3128,211573,T
318638783,4457,193,664093,2263,6123,1736,2673,211259,T
634058705,50,1,10350,429,11567,2170,3705,211715,T
480883028,3000,1,741000,950,16016,1302,2173,211492,T
748329867,3008,27,385024,576,11567,2170,3508,210977,F
874210499,4370,205,699200,2191,2478,868,3560,211529,T
113790935,2995,22,59900,630,6716,1736,1976,210892,F
566382041,4341,204,976725,925,2449,1736,2598,211250,T
416280930,4521,214,217008,1062,2339,1302,3036,211483,T
177097654,1,1,173,547,2191,2170,2751,211235,T
451356732,4370,188,568100,420,5948,434,2569,211638,T
525053850,3056,20,372832,1163,5078,868,3533,211142,T
258190064,20,17,1260,506,4082,868,3592,210893,T
512673565,3076,18,326056,856,5783,2170,4030,211721,T
353800711,20,2,400,1508,2313,1302,2130,211445,T
745713923,16,1,1600,627,3017,1302,2483,210961,T
491739834,4353,209,744363,2478,6716,1302,3434,211305,T
314634274,4488,215,1059168,829,3528,2170,3158,211732,T
536627400,4443,205,1048548,499,2215,1302,2317,211305,T
611996910,81,15,5346,418,16016,2170,2634,211237,T
987311393,3160,36,682560,829,8675,1302,1926,211245,T
684915421,4363,205,571553,473,2570,1736,3787,211158,T
238902036,3001,6,414138,1626,8675,868,3536,211348,T
760210103,42,1,4998,2478,2366,2170,4306,211700,T
510602480,4402,195,889204,867,23134,1302,2576,211061,T
439439997,4338,213,767826,1639,11567,2170,3881,211722,T
828141030,128,17,17536,656,3253,1736,2298,211337,T
440096016,150,1,4350,2366,16016,1736,1852,211345,T
453055688,3102,17,514932,1189,3652,1736,3579,210900,T
014636247,156,13,23868,768,3107,1736,2143,211444,T
595613738,4421,209,1003567,425,14872,1736,3603,211018,T
705063363,51,1,11883,1246,2635,434,4244,211320,T
638694637,3053,19,464056,968,2669,868,3124,211078,T
825191415,86,1,9546,547,2168,2170,3560,211384,T
774178512,96,2,21984,1352,5205,1736,1957,211243,T
233772419,114,17,24396,441,2669,868,3741,211328,T
930918725,4382,221,293594,1639,34701,434,3458,211431,T
579933497,4472,203,840736,2041,3017,1736,2574,211799,T
217624127,4517,185,826611,477,3017,868,3827,211361,T
905170961,3009,1,330990,1183,2393,434,3440,211772,T
400099649,113,1,7232,644,2932,2170,2636,211530,T
448199702,4457,211,641808,1892,6123,1302,4098,211295,T
218918438,3025,1,574750,419,3718,1302,3569,210925,F
169151820,4500,188,855000,1095,26026,868,2520,211493,T
737690790,4462,209,66930,687,2215,868,3439,211432,T
000240863,4446,204,982566,417,18928,868,2790,210950,T
098249184,105,8,20160,678,2288,2170,4068,211009,T
927551178,31,7,1240,481,23134,2170,3452,211861,T
567130642,3147,1,597930,667,6309,868,3813,211253,F
066473011,106,6,1272,514,3785,2170,4195,211357,T
765670917,4381,220,166478,532,3470,868,4030,210947,T
588349252,4446,195,329004,720,4082,2170,2655,211664,T
921680359,11,1,1485,2393,3154,868,2133,211238,T
343249901,3050,28,146400,1062,26026,434,4353,211586,T
931043075,4526,188,1009298,529,3928,2170,3415,211560,T
195017994,9,19,1053,581,3017,868,2099,211760,T
391549273,4450,199,1112500,449,4430,434,3726,211341,T
475027846,3086,5,290084,2366,12247,2170,3429,210913,T
741250708,59,1,5546,1169,4626,868,4202,211706,T
693282685,3063,27,474765,480,3470,1736,3453,211364,F
033348825,90,2,12150,813,7179,868,3481,211306,T
688477578,126,1,23184,502,2238,1302,3860,211424,T
503766683,121,1,4235,507,41642,1302,3841,211173,T
537618933,4429,219,748501,1137,10410,434,1759,211805,T
496741703,97,1,9312,466,4842,434,4317,211043,T
658272615,4360,193,649640,568,5338,1302,4182,211198,T
775546836,4452,187,926016,1010,2776,1302,3723,211036,T
107171910,3049,7,237822,484,3304,2170,4390,211225,F
589611523,4371,198,445842,442,4337,434,2376,211294,T
996802959,137,1,31373,567,9464,1736,1746,211420,T
951311873,4515,201,857850,460,6940,434,3596,211422,T
476735138,2988,28,558756,1203,3203,1736,3970,210956,T
448813407,3076,1,618276,1426,3413,1302,4013,211558,T
264499861,146,10,19710,2508,18928,2170,3487,211576,T
700639811,118,1,26904,630,2168,1736,3502,211046,T
028354189,136,1,26384,810,4526,1736,1746,211553,T
001880999,4396,192,540708,937,8328,434,3327,211296,T
002423548,3,1,447,738,5479,868,2363,211620,T
698080497,4355,214,509535,601,4249,1736,2998,211736,T
812728462,119,1,16541,2421,7711,434,2917,211695,T
067819333,3128,2,359720,1519,4430,1302,1954,210887,T
081163161,19,1,3173,610,3589,1736,3842,210947,T
138907182,3161,31,610073,446,2339,1736,4350,210932,F
333310408,2968,1,178080,527,5205,2170,4091,211016,F
230392635,3033,34,691524,937,13013,868,3224,211160,T
507595658,4467,219,553908,1982,4842,434,4234,211514,T
590941670,69,11,11730,646,2238,2170,4179,211040,T
283803585,4489,221,89780,2146,3154,1302,4136,210954,T
198050849,1,1,205,937,3253,434,3547,211501,T
792404853,74,5,14948,2082,5338,2170,3669,211528,T
846252629,4349,194,848055,1706,5948,1736,2857,211554,T
583499329,4506,212,1036380,698,3528,2170,3480,211351,T
448538176,4427,185,885400,735,2238,1736,2633,211325,T
059961550,3000,22,399000,619,3107,1302,2835,211651,F
912535524,4401,217,413694,521,2238,434,2796,211125,T
165113282,4440,181,168720,759,4842,434,2407,211127,T
023436611,150,1,18900,458,2974,1302,1866,211808,T
652167152,4452,207,1081836,507,9464,2170,2207,210934,T
852034143,61,17,14701,561,2570,868,3181,211023,T
482321375,56,1,3920,636,34701,1302,4231,211819,T
597279191,3111,24,158661,630,2508,1302,4246,211240,F
203683570,62,1,9858,61,281,167,1261,10238,F
039303991,2993,1,532754,946,5205,2170,2706,211841,T
359562647,3094,29,677586,871,11567,434,3436,211657,T
282836487,4389,183,351120,660,2263,868,4461,211839,T
914246438,4460,216,655620,483,7711,1302,3000,211270,T
460525015,4493,190,310017,822,3154,1302,3903,211165,T
433432558,39,4,2496,754,2776,2170,2858,211413,T
968151232,6,21,660,893,3785,434,2009,211386,T
831473273,36,21,3744,621,2288,2170,4151,210892,T
179680680,4505,214,756840,788,2339,1302,3529,211747,T
781535562,4331,219,173240,982,2238,2170,3057,211294,T
488531070,4331,190,43310,416,34701,2170,2568,211003,T
487642490,4461,216,1017108,516,9914,868,3956,211073,T
931402505,4360,221,322640,1720,2103,1302,1826,211258,T
132609455,20,1,1840,846,10410,1302,3159,211178,T
904492357,4411,183,48521,575,3107,868,3708,211243,T
839495468,160,1,4320,536,2539,1736,3821,210934,T
740647260,4487,216,520492,1982,2669,434,2174,211813,T
505985096,4367,191,585178,849,2813,434,2113,211673,T
712102476,3071,36,359307,1910,7436,1302,3756,211218,T
781753751,4353,214,361299,2932,2146,1736,4297,211227,T
932090659,158,20,18644,630,4626,2170,2622,210923,T
012259053,3099,22,703473,517,6940,868,3570,211410,F
504875252,4409,220,908254,829,3589,868,3492,211623,T
830917970,161,1,25277,501,2238,868,3533,211332,T
453676228,15,9,2280,621,2215,1302,3277,211852,T
837795371,2983,31,712937,762,2539,1302,2621,211580,T
580916927,4468,185,317228,621,3928,2170,2216,211769,T
928001107,4495,182,305660,1176,12247,1302,3780,211024,T
933644612,4335,185,936360,1945,6123,2170,3440,211310,T
196009742,4383,192,140256,562,5205,1302,3945,211825,T
427479854,118,1,17228,558,2313,2170,3450,210922,T
818161215,3007,31,670561,543,4430,1302,2151,211884,F
833400092,4377,213,538371,1309,2103,868,2228,211528,T
236090095,4493,206,444807,2288,6123,868,4466,211672,T
551428116,2984,35,734064,504,2602,1736,2774,211875,F
648719646,3092,27,343212,608,2539,868,4349,211381,F
223131782,3054,1,79404,433,2288,2170,4077,211837,F
868284946,4505,196,418965,512,10958,2170,3626,211246,T
562093529,1,11,147,561,3107,1302,2486,211703,T
072920280,32,1,448,1073,12247,1302,2750,211761,T
233482968,4336,198,715440,682,2813,868,2573,210912,T
218194071,20,1,3160,740,3253,434,3568,211339,T
595382509,3074,30,513358,448,5205,1302,2139,211868,F
652718381,20,8,460,473,2103,868,2608,211523,T
497346035,2973,33,172434,1119,17350,1736,3437,210933,T
402002281,117,1,1989,853,3470,1302,4116,211546,T
033711899,3134,15,460698,608,4430,1302,2777,210948,F
764643272,4343,205,247551,1378,2449,434,3297,211034,T
933017302,81,1,7371,836,3061,1736,2627,211372,T
839220293,4374,190,699840,909,2891,1302,2847,210963,T
718361566,138,7,12282,1369,12247,868,1894,210946,T
515990009,4464,201,790128,909,3154,1302,4041,211323,T
345968308,4496,185,872224,878,16016,434,3565,210977,T
647315899,2988,13,507960,1020,5205,2170,2180,211369,T
970047105,3134,13,172370,427,4430,1736,3999,211503,F
690434102,4466,217,710094,494,5479,868,2286,211130,T
915391492,4330,183,567230,418,5205,434,2542,211804,T
786133920,4525,183,108600,701,4430,1736,1799,211730,T
805703526,4494,181,867342,483,5205,1736,4257,211699,T
005749020,3037,18,501105,446,3107,1302,3799,211235,F
213259774,161,1,34615,703,3652,2170,2180,211538,T
505562016,10,17,240,937,29744,868,3298,211508,T
250864352,4458,189,904974,1927,2288,1302,3627,211629,T
379852382,142,12,21158,549,2146,1736,4295,211304,T
232219797,2996,2,464380,442,4526,1302,2084,211879,F
897450439,4469,185,844641,2288,2288,1736,3690,211544,T
243236391,3113,19,112068,878,5338,2170,2179,210911,T
226052407,4344,192,1012152,1589,2508,434,2739,211780,T
493135634,4397,194,822239,794,4732,2170,2418,211142,T
165321202,8,1,704,463,3203,868,3991,211089,T
815791692,3029,1,433147,607,5948,868,4206,210995,F
414936031,3073,28,430220,431,7436,1736,2326,211741,F
244890448,113,2,10170,1764,7179,2170,2180,211761,T
797925325,135,1,26730,832,13013,1302,2614,211572,T
432340687,136,15,28424,963,3855,1302,3623,210960,T
909091696,3005,7,727210,2570,17350,1302,2341,210965,T
761269506,3122,18,718060,1131,2852,2170,2180,211333,T
941834751,4410,196,414540,917,13013,868,4115,211309,T
129232792,122,21,9394,705,3470,434,2198,211094,T
779946573,19,1,684,612,3253,868,3629,211470,T
787332062,3147,35,132174,1107,41642,1302,3586,211116,T
053250643,3127,3,756734,529,14872,1302,2777,211803,F
392176278,4384,188,999552,1577,29744,1736,2320,211183,T
556893094,4490,214,889020,488,2366,434,3631,211474,T
731778915,4447,209,97834,427,3061,1736,2411,211259,T
307478863,20,16,2200,759,4082,1302,4465,211225,T
150184608,3018,27,694140,2002,2813,1302,4424,211851,T
299012457,2969,9,504730,1416,4249,1736,4342,211051,T
656646281,45,1,11160,746,2478,1736,3670,211227,T
504292790,3038,10,182280,1169,18928,1736,2401,211561,T
021792536,42,4,1512,558,2508,1736,2873,211425,T
334550794,14,10,3164,703,4249,2170,2557,210972,T
806062482,4387,189,386056,441,12247,434,2533,211818,T
696435812,17,4,3791,2124,2082,868,2724,211424,T
289492906,4502,186,693308,433,2739,2170,2835,211233,T
563185522,3102,35,471504,430,10958,2170,2180,211847,F
087146540,3025,18,744150,1842,18928,1302,2562,211790,T
492335136,3103,27,530613,740,8008,2170,2433,211742,F
749124935,4521,203,85899,564,3253,2170,2641,211696,T
075871116,3136,14,238336,444,6123,2170,2716,211505,F
344048797,4346,192,538904,836,5948,868,4003,211740,T
243123349,91,1,3003,1692,2508,868,2398,210895,T
341394290,2985,33,137310,568,4164,1736,3316,211690,F
389497947,70,15,17430,644,8328,434,2684,211649,T
508325202,4486,192,520376,1317,4004,1736,2593,211327,T
887471891,132,1,8976,1001,3928,868,2597,211193,T
277149058,95,1,3895,921,7711,1736,2824,211231,T
151705177,4427,194,106248,1614,2932,1736,3548,211769,T
493969674,148,1,27084,550,3652,1302,3459,211621,T
237189052,11,1,1221,1553,11567,434,3368,211065,T
777402742,3030,1,548430,523,3589,2170,2582,211158,F
445637135,86,10,21500,807,4430,2170,2376,211854,T
425634928,4429,220,358749,473,3785,1302,4185,211860,T
814258993,101,1,13837,419,4249,2170,2393,211471,T
385238916,3128,3,700672,2339,20821,2170,3172,211051,T
890915284,6,5,1182,524,10410,434,2873,210928,T
585999494,78,13,18954,629,13013,1736,2645,211765,T
095061787,4462,202,513130,728,2852,2170,3598,210961,T
975082732,3075,11,571950,785,10958,868,2060,210999,T
348324195,4338,181,980388,428,4430,1302,2482,211497,T
967130267,91,1,11648,867,2891,1302,2180,210958,T
014483866,2971,19,101014,1001,16016,1736,2609,211387,T
628031793,3078,20,437076,1426,5783,2170,2207,211712,T
562612628,4331,199,216550,658,2313,868,2722,211791,T
971804820,2986,35,214992,2478,12247,868,4078,211709,T
558851918,103,1,24720,437,2168,1302,4276,211407,T
660535690,4440,217,164280,425,10410,434,4232,211287,T
711308222,3159,18,227448,917,10410,1736,2244,210998,T
739734031,4475,218,550425,2103,5627,1736,2832,211517,T
681711011,3138,1,222798,528,14872,1302,4094,211145,F
170020962,11,1,198,1369,2539,1736,1746,211133,T
485439627,48,3,4512,2002,4164,1736,2526,211212,T
957930649,4367,208,1091750,782,7436,1736,2096,211560,T
221309333,3157,12,767151,738,6506,1736,1823,211410,F
692678075,4527,212,864657,733,3017,434,2096,211712,T
376213880,4426,206,1048962,1416,5627,434,2606,211359,T
393581876,4350,181,108750,1107,2263,2170,4060,211507,T
972324835,3058,19,351670,710,9464,1736,2962,211434,F
926011572,4335,221,788970,555,2704,868,4444,211802,T
105241586,4338,200,884952,1497,4004,868,4335,210997,T
840265893,4371,195,43710,1107,2478,434,3430,211227,T
749311138,126,1,20538,468,4842,1302,2425,211674,T
735799597,159,1,32595,933,3253,1302,3954,211058,T
246729405,137,16,28496,481,18928,434,2041,211727,T
623056955,9,2,1368,762,20821,868,3169,210992,T
009446083,141,1,25803,794,2891,1302,4269,211884,T
167950791,4446,199,1107054,579,2421,2170,3584,211124,T
362724301,128,1,20736,1131,3652,2170,3103,211212,T
039921662,97,19,3007,1352,7711,1736,3504,211649,T
182831104,4410,205,815850,715,3253,1736,2620,211427,T
259769338,3071,9,429940,1001,5338,1736,2358,211850,T
438426921,3065,24,468945,440,4004,868,4092,211279,F
171657025,4368,190,96096,648,2669,1736,2612,211112,T
824711043,1,1,63,470,4526,434,3440,210918,T
365740995,18,9,4122,1565,7436,1736,2602,211805,T
125740647,4416,184,132480,717,2739,1736,3208,211391,T
156831637,149,7,2980,424,4732,434,3170,211635,T
255758801,4371,198,896055,443,3528,868,2040,211074,T
596424429,4529,212,706524,738,6506,1736,3062,211094,T
512272885,3159,7,375921,2704,2146,1736,2106,210903,T
822867287,4386,183,614040,682,2776,868,4100,211275,T
704673705,4413,209,507495,428,6940,1302,2397,211059,T
278474338,135,8,9585,483,2932,1302,3404,211050,T
064455869,3059,32,226366,921,5948,2170,3157,211191,T
449849888,3097,17,182723,717,14872,2170,3854,211680,F
289724634,148,14,26640,937,2635,434,2667,211811,T
565888723,134,17,23450,438,3652,1736,4434,211151,T
486654800,4348,196,613068,816,2339,1736,2932,211392,T
619460486,4331,203,441762,730,13013,2170,3390,211738,T
493833378,4446,213,480168,598,2932,1736,2517,211496,T
688357873,157,14,1727,638,2146,434,1716,211470,T
934908368,26,1,6474,656,3855,1736,4303,211372,T
831467044,4497,188,359760,605,2146,2170,4293,211607,T
864043834,4506,198,198264,502,4526,2170,2248,210924,T
961760235,52,2,2912,437,4626,1302,2934,210880,T
559067083,3044,35,331796,2061,4732,1736,1840,211563,T
649246420,4503,211,1013175,610,5078,434,3115,210984,T
473178984,3029,1,45435,1095,2852,1736,2548,211372,T
023779020,118,4,7434,955,2215,1302,2179,211739,T
327288339,4366,214,69856,1601,4842,2170,2180,211348,T
264570053,3063,17,511521,2366,5078,1736,2085,211152,T
449670904,3161,1,281329,1735,6940,1736,1768,211040,T
676131031,3134,17,372946,629,2313,434,3834,211708,F
938365711,3109,8,435260,839,3154,1302,2165,211125,T
152245393,4370,214,222870,564,4626,1302,3712,211190,T
271693608,15,1,1365,426,2288,2170,2790,211489,T
258585224,4365,195,113490,568,2288,434,2939,211809,T
738776248,3125,17,134375,517,26026,434,4347,211504,F
841792015,78,1,4446,521,16016,868,2104,211330,T
663736145,3158,6,738972,1706,7436,434,2596,211889,T
149602590,4447,182,947211,1107,6940,2170,3660,211614,T
681196594,3068,17,441792,903,6903,1494,5972,449952,T
118915294,4344,205,347520,1062,2449,2170,3527,211649,T
486221431,4417,190,649299,1497,26026,434,3513,211602,T
805866945,37,4,8177,1051,4004,434,3354,211377,T
825384054,3085,29,49360,1030,2263,1302,4322,211352,T
924522158,94,3,13254,583,2124,868,3651,211455,T
558561382,3034,14,473304,433,11567,1736,2327,210963,F
242924654,4445,206,720090,494,2313,434,2349,211301,T
497870190,4442,188,919494,701,3652,868,2517,210941,T
902264489,157,1,21038,568,8008,868,4033,211062,T
920073986,2347,36,502258,2776,4164,1302,1977,211147,F
821910432,25,21,5100,567,3470,1736,2217,211073,T
901748356,4441,209,524038,528,3061,1736,4430,211108,T
612540015,89,1,18334,905,2215,868,4313,211162,T
269892962,104,1,16432,1025,7179,1736,2219,211141,T
467341252,4499,219,98978,1293,8008,1736,3972,211134,T
718194457,3126,1,378246,1794,2168,868,3921,211349,T
092860895,87,1,12354,1859,2776,434,4211,211644,T
940226459,3024,11,707616,2635,3855,2170,2180,211649,T
565167741,3143,1,383446,449,6716,434,3724,211427,F
341424824,3019,6,661161,2932,4626,868,3578,211621,T
187236898,4337,184,368645,771,2215,2170,2180,211388,T
643332170,4503,206,945630,1317,2704,868,4016,211083,T
742903598,3119,5,704894,897,2082,1302,4048,211558,T
337875459,3044,1,30440,2103,23134,2170,3781,210899,T
147703187,45,1,2295,1435,26026,2170,2180,211031,T
356007433,117,4,7839,644,5783,1302,4142,211555,T
950104796,25,1,675,491,5479,1736,3044,211745,T
317089155,27,15,4833,846,2704,868,3627,211128,T
434955889,4428,194,438372,687,13880,2170,3696,211014,T
748872510,4479,217,156765,1046,41642,1736,2897,211617,T
322013649,4415,211,304635,533,4732,434,2644,211857,T
746173428,3006,8,432864,1056,10958,868,3831,211236,T
421417633,3089,36,713559,499,5479,434,3764,211322,F
050228854,4426,219,482434,448,14872,1736,2750,211560,T
122710694,4394,217,48334,826,2215,1302,2058,211568,T
795322953,4385,204,942775,552,4249,434,2330,211704,T
535067053,2969,1,350342,472,4842,2170,4263,211778,F
885942798,15,1,2325,455,2704,868,1805,211697,T
461478174,4405,221,321565,717,2932,868,3759,210936,T
527486199,93,1,4371,429,5338,1736,2706,211411,T
720397587,4345,211,178145,607,2393,1302,3462,210933,T
583283419,2985,9,582075,654,3107,868,4267,210965,F
482302848,2978,1,238240,1665,8328,1736,4220,211498,T
489011491,3125,27,678125,889,2776,868,4300,211634,T
779937983,4510,209,730620,2669,2366,1736,3464,210967,T
919711197,24,13,4056,593,8008,434,3967,211407,T
973443456,4503,211,977151,959,20821,434,3386,211395,T
725189693,4407,192,387816,1810,4626,2170,2180,210905,T
323147009,2974,29,692942,471,3528,434,4107,211015,F
111342129,3035,21,670735,596,3528,1736,3378,211278,F
126529585,3127,6,528463,601,3107,2170,2287,211797,F
691525492,142,1,20306,759,7436,434,4400,210969,T
829282486,3128,34,569296,1046,2602,1736,3018,211632,T
368432066,4441,217,799380,596,9464,434,2676,211701,T
255942013,3077,14,584630,722,3928,2170,2180,211010,F
590460199,95,1,17670,515,2739,2170,3130,211640,T
240102324,4410,216,304290,1010,9464,868,4025,211744,T
155286182,3059,23,654626,605,3718,868,3513,210949,F
937723659,18,16,1890,439,6940,1302,3178,211851,T
341471278,9,10,1170,2508,2421,1736,4173,211227,T
120585316,16,9,3680,572,3107,1302,4455,211723,T
662361974,4450,187,898900,1497,4164,868,3517,211119,T
955253061,3062,14,517478,425,2238,2170,4442,211422,F
816785661,107,1,10379,836,5338,2170,2658,211153,T
629652322,3087,33,367353,2168,3413,2170,2310,211696,T
187753135,10,17,350,576,2103,1302,3278,211667,T
839484041,135,7,8370,774,9464,1736,2537,211731,T
196338046,6,1,156,1842,2393,1736,2674,211793,T
131633619,132,20,15312,667,3154,1302,3553,211208,T
491164602,98,4,21560,1101,23134,1302,2608,211018,T
933577362,10,1,2350,720,3358,434,3530,211426,T
590806207,40,1,1120,762,5205,2170,2766,211450,T
773197545,162,7,26082,459,4626,1302,3413,211841,T
952052416,2283,34,454317,509,29744,434,2011,210990,F
345583337,126,1,27972,448,8008,2170,3888,211860,T
189104789,3064,36,732296,1892,2215,1736,2316,210982,T
472349070,3053,28,735773,475,20821,2170,3075,210981,F
740758065,4481,213,466024,1090,2739,1302,1831,211134,T
350219150,50,1,5000,1553,3528,2170,3293,211106,T
140071091,150,1,30000,598,2263,1302,1766,211233,T
219551502,3121,26,149808,1842,3470,2170,2558,211252,T
037467923,9,4,1440,416,2602,434,3083,211536,T
476462724,16,1,2416,468,4842,1302,2248,211491,T
223805311,4332,193,1000692,496,3470,2170,3841,211342,T
325268296,4504,217,914312,465,3253,1736,1998,211419,T
902527741,105,1,5880,608,3528,868,3148,211618,T
179637059,2981,34,232518,523,6123,2170,4286,211856,F
049612371,44,1,6952,735,2669,434,3954,211021,T
082488834,2969,12,163295,1051,4430,1736,1854,211796,T
051371944,2969,17,421598,1090,3154,1302,2840,210953,T
093141812,3037,2,179183,2704,5948,1302,3899,211241,T
452303184,4501,195,355579,642,8328,868,3785,211275,T
794353611,4402,211,611878,774,20821,1736,2884,211793,T
022502786,2970,10,234630,2739,2339,1736,1836,210920,T
916811713,6,13,234,454,2238,434,3362,211566,T
909984939,4419,204,273978,722,8008,2170,3514,211110,T
313728920,3126,1,709602,646,2602,2170,2292,211579,F
777285978,4451,194,565277,1326,3304,434,2760,211482,T
380940492,4511,182,739804,1189,20821,434,2301,210886,T
458644224,3020,15,673460,813,2570,1302,3871,211307,T
332209202,4393,188,817098,710,14872,434,1996,211547,T
231009556,2968,12,94976,1406,2739,2170,3034,211129,T
900245242,4505,216,973080,715,6123,434,1690,211427,T
973795246,4407,213,625794,1378,2168,434,2813,211445,T
227959423,4407,220,132210,730,2146,1736,2880,211403,T
393116779,4404,191,427188,2313,8675,868,2996,211089,T
631771884,3030,19,502980,687,13013,1302,3484,210989,F
700514774,4396,192,1002288,540,3358,434,2107,211355,T
582981731,52,5,3172,959,20821,1302,4066,211849,T
934181952,3091,31,633655,472,2974,1302,4203,211437,F
563593475,4458,183,1101126,991,2704,868,3475,211466,T
699774094,3030,21,624180,540,9052,1736,2893,211358,F
564719334,3129,13,744702,667,4526,1736,1921,211284,F
388133691,3146,1,210782,1010,6123,2170,2663,211743,T
488529326,4341,205,429759,1001,5338,1736,3284,211789,T
641134376,4332,208,1057008,893,2082,868,3349,211603,T
672800096,4413,191,388344,433,2478,2170,3475,211035,T
855197391,2996,33,260652,523,16016,2170,3373,211253,F
090107993,127,12,24257,588,5948,1302,2104,211499,T
543395522,2349,43,93960,2021,34701,1302,2185,211388,F
305285609,5,8,835,516,9464,434,4111,211112,T
928549311,4452,207,396228,462,2852,1302,3343,211157,T
191335482,4526,190,588380,1269,3928,1736,3808,211484,T
646183404,54,1,12636,495,9052,1302,2620,211021,T
486985496,4386,205,285090,1530,4430,2170,3801,210925,T
556140088,4427,182,544521,472,10958,868,3414,211112,T
396339029,3008,21,369984,832,23134,1302,2513,211181,T
873499955,114,5,4332,1137,2393,1302,3435,210968,T
584485644,3027,32,420753,2238,2570,1736,3349,210882,T
259649544,130,1,22880,2602,2570,1736,3194,211182,T
954794442,133,21,14364,630,41642,434,1847,210929,T
815013062,57,10,3306,420,2776,2170,2329,211109,T
290498364,9,1,648,464,4957,868,2035,211422,T
480020314,4505,188,919020,1210,4626,2170,3347,211406,T
552542744,69,1,10074,648,2932,1736,2687,211405,T
455023363,4348,199,495672,1601,4526,868,2370,211370,T
417122085,4430,201,208210,488,2191,868,2594,211875,T
209373246,14,16,896,425,3855,434,2913,211459,T
433940669,4452,220,712320,461,2602,1302,4029,211281,T
028475372,110,1,10010,1150,3061,434,2237,211407,T
964930860,4414,187,1028462,472,10958,434,2103,211455,T
592049533,4485,218,439530,593,2704,2170,2623,211413,T
943743566,160,15,40000,1073,5338,434,3236,211627,T
512730592,4481,188,797618,762,2103,2170,2180,211641,T
289061594,4474,214,76058,480,2146,1736,1746,211579,T
331614376,4496,199,845248,1020,5479,1302,3685,211703,T
089453493,2990,1,511290,1343,4082,868,2920,211180,T
523044657,59,1,4602,846,34701,2170,3962,211791,T
580860553,125,4,23250,552,3652,434,2103,211731,T
172959262,4382,207,1064826,1156,2215,1736,2094,211158,T
533970542,93,1,19344,2602,2478,1302,3007,211697,T
571804099,4366,181,929958,863,3253,2170,2354,211807,T
716634974,17,1,1802,849,4164,2170,2596,211723,T
860385522,15,5,1875,1010,2602,2170,2634,211626,T
969440622,17,3,2074,481,2891,2170,2297,211355,T
576119857,3139,6,84753,1277,2508,1736,2672,211517,T
084180289,4407,217,83733,1232,10958,2170,3759,211598,T
569735038,103,2,17716,779,2339,1736,3102,211158,T
108319845,2970,19,588060,511,9052,2170,2525,211354,F
803135740,97,21,2231,477,2168,1736,2740,211143,T
897631120,20,21,3420,1246,2739,868,2914,211364,T
815659088,4458,188,641952,1131,9052,2170,2612,211576,T
346685813,4367,212,1052447,757,2103,2170,3922,211434,T
114536153,4459,200,387933,485,4430,2170,3457,211043,T
308274801,4362,219,488544,1078,2508,1736,2519,211050,T
411025213,3090,10,664350,452,9914,2170,3504,211110,F
003559956,12,1,636,735,8008,434,4098,210942,T
614461631,93,5,19902,925,3107,1302,2838,211771,T
141499996,3057,27,97824,696,2168,1736,3148,211148,F
691421723,4488,198,332112,621,4957,2170,2625,211680,T
728968145,3117,17,249360,556,5479,1736,2313,211755,F
182464353,23,15,3381,610,2168,434,2562,211165,T
301728063,54,1,4914,416,4249,868,2067,211138,T
599830683,41,3,6765,765,2082,434,3585,211420,T
523798256,4370,203,891480,1892,2669,2170,2932,211068,T
254737784,4429,216,903516,2669,4430,434,2027,210945,T
089443240,2982,14,256452,748,18928,1736,2907,211674,F
517192488,4496,216,597968,481,3855,1302,2128,211524,T
291660037,4456,209,565912,591,10958,1736,1781,211820,T
547095997,4341,214,664173,559,5627,868,2624,211350,T
901388892,3076,13,273764,738,5948,1302,3590,210949,F
770464957,80,11,880,897,12247,434,4362,211191,T
125834125,4507,221,707599,553,2704,868,3819,211379,T
505160250,4452,193,1068480,1217,2449,434,3692,210982,T
605615050,4471,187,889729,579,2704,1302,1959,211132,T
866824665,3,1,258,443,4004,2170,3668,211208,T
519415988,4353,216,918483,2508,4732,434,4176,211281,T
282679034,67,21,8241,623,5783,1302,1941,211332,T
269582475,6,1,594,1706,2932,1302,4208,210883,T
984856436,55,1,7425,498,2508,2170,2180,210882,T
875117556,4424,197,380464,759,2146,868,2318,211861,T
084179871,5,15,1070,708,4249,1302,4065,211882,T
876663105,4358,209,305060,738,2852,1302,4470,211434,T
445260015,113,12,1808,710,4732,1736,2523,211643,T
749120194,3105,27,350865,1652,13880,1736,1949,211362,T
061755566,6,1,1044,853,4957,434,2582,211091,T
538173722,4462,201,517592,705,18928,1736,1746,211727,T
477916229,120,1,12240,1553,9464,1302,2653,211020,T
680275940,108,4,16308,442,4430,2170,3537,211194,T
480134116,12,1,1572,565,2449,868,2808,211268,T
172585955,3027,20,290592,477,4337,1736,1929,211818,F
036734603,3110,37,435400,1476,2238,2170,3499,211846,T
659531171,23,14,5635,893,3470,868,3447,211487,T
788013801,9,1,2124,1749,6123,1302,4176,211763,T
986476029,4430,215,256940,591,2813,2170,3588,211482,T
873873104,72,1,5616,612,3718,1736,2064,211436,T
497608421,3147,1,286377,836,6506,2170,3603,211477,T
646499417,3150,11,34650,2313,10958,1302,2718,211484,T
113685113,3013,4,587535,460,4004,868,4287,211202,F
711109040,148,1,2072,1794,26026,2170,2573,210900,T
981405435,4510,183,987690,588,2238,1302,4297,211495,T
890127170,2971,24,234709,816,8008,434,3639,211052,T
985659283,22,15,528,536,4957,434,3841,211618,T
287448183,3053,19,485427,527,6123,1302,3483,211594,F
020782478,3123,1,487188,550,29744,1736,2733,211524,F
151102929,4365,186,851175,467,4842,2170,2180,211297,T
410703348,3159,36,657072,484,8675,1736,2707,211098,F
078283553,146,1,20294,535,3652,1736,2885,211625,T
997377176,129,9,16770,463,29744,1302,4078,211843,T
176981625,4491,188,907182,803,18928,1302,3306,211589,T
448855274,4446,188,1067040,539,3107,1302,3855,211447,T
895425948,45,1,7740,617,2932,1302,4210,211122,T
855349087,134,10,9782,470,5338,868,1700,211587,T
173076790,4487,215,197428,2478,9914,434,1884,211467,T
379874435,80,3,10880,545,3061,1736,4387,211278,T
268413953,12,1,1824,495,4732,1736,3007,211317,T
374464593,14,10,1120,1309,5205,1736,2319,211147,T
658185008,3082,17,243478,708,16016,1736,2519,210951,F
262737764,3036,13,212520,722,13880,1736,2212,211847,F
669224731,4475,213,434075,746,2313,1736,4386,211759,T
075562588,4522,215,718998,909,3203,2170,2459,211782,T
447172484,116,1,7076,545,8008,2170,2180,211771,T
510397928,118,15,25724,567,2891,868,3230,211020,T
079533368,4438,211,479304,1749,2146,868,1889,211396,T
477405584,59,1,11564,1317,4732,2170,2726,211032,T
918192344,13,16,1833,1131,18928,2170,2949,211829,T
928380608,3148,19,393500,1487,18928,1302,3721,211206,T
258632683,4341,207,230073,488,5627,2170,3782,210926,T
917617550,23,15,4646,625,3154,2170,2618,211168,T
360524470,4471,181,138601,431,3358,1736,2196,211414,T
451838357,4,14,280,516,3413,1736,2468,211412,T
392136834,33,1,1716,642,5948,1736,3055,211824,T
647732066,8,1,1576,484,2508,1302,2714,211510,T
942557571,4,1,608,1601,2478,1302,3069,211323,T
872935453,7,11,686,474,8675,1736,3603,210921,T
954720141,95,5,14630,2508,5783,2170,3300,211485,T
093063968,4350,193,726450,528,41642,1302,3950,211788,T
815013578,3129,13,782250,917,10410,868,1847,211459,T
362754770,4374,181,568620,424,29744,868,2186,210901,T
020753257,3156,3,157800,860,6506,2170,2180,211400,T
670119988,63,14,11403,603,7711,434,4432,211470,T
429263277,4482,182,963630,1927,2366,1302,3502,211258,T
038072182,87,1,4872,519,7436,1302,2007,211419,T
269586366,3081,23,332748,570,2421,1736,1750,211497,F
362442414,4381,187,849914,968,17350,868,2698,210909,T
005649613,1,10,110,466,4626,868,3040,211595,T
960274179,43,18,6235,630,6940,868,4116,211327,T
113509068,4392,193,250344,461,3470,434,3928,211600,T
049071017,4457,190,806717,1508,3358,1302,3801,211261,T
711732279,14,1,2128,1910,9052,1302,3440,210977,T
527409250,4416,220,450432,553,2635,1736,2794,211417,T
311450090,2969,2,561141,473,2932,2170,4085,211613,F
866974826,3032,7,172824,774,5078,1736,3245,211517,T
605634468,67,1,9581,586,6940,1302,2026,211837,T
439425652,71,1,11431,430,14872,434,3253,210902,T
876953601,68,14,15232,913,8008,434,2714,211369,T
761941893,4387,212,337799,487,2191,1736,2656,211550,T
013885722,4337,212,867400,483,2539,434,4262,211410,T
108849499,42,19,6174,1875,2288,1736,4076,211309,T
909097384,38,1,5662,2082,13013,868,2917,211533,T
871176112,3118,26,190198,450,4249,2170,3878,210961,F
318919359,4338,197,1015092,696,13013,434,3462,210960,T
545168882,71,15,12567,1665,2635,1736,1848,211252,T
817779725,79,17,17064,1131,2215,868,3483,211145,T
996175448,160,19,32480,448,2288,434,2020,211329,T
717206923,4427,201,221350,765,2776,868,3474,211334,T
533889217,4365,212,501975,2393,3718,1736,4321,210944,T
111926068,118,1,4130,538,2421,1736,2657,211125,T
739460887,75,2,2475,542,3718,868,3591,211251,T
769248245,3006,30,529056,610,5078,2170,2625,211545,F
101880332,74,13,9546,2891,3718,1302,3507,211473,T
181139890,2165,19,272790,2813,10958,434,2674,211532,F
816937252,4370,213,756010,2263,6506,1736,3591,211049,T
056102657,4526,199,945934,735,3358,1302,3615,210965,T
092941091,129,10,10965,1679,4082,434,1913,211516,T
391374006,4395,217,1081170,536,6123,1302,2079,211116,T
003077075,4502,202,144064,466,8328,1302,2181,211247,T
941687561,51,12,8976,1679,13013,434,4391,211418,T
385384881,12,1,612,1565,2776,434,3933,211033,T
059222455,106,1,16112,476,3785,1736,2904,211871,T
752593399,3164,26,597996,871,34701,1736,3607,211603,T
182445201,3039,21,203613,1261,3928,1736,2046,211764,T
194699553,78,1,1170,1927,3855,1302,3182,211015,T
026084255,105,1,24990,1203,2635,868,4113,211320,T
761994278,150,21,31950,594,7179,1302,3166,211349,T
674379192,138,1,30498,578,2421,1302,2859,210897,T
318215215,3030,14,421170,627,3928,1736,4053,211511,F
800631538,8,1,1752,1113,2704,434,3165,211325,T
623145024,4462,200,798698,473,2288,1302,4358,210961,T
259567122,21,1,273,1794,5078,2170,3892,211242,T
353354774,156,19,7956,629,3652,1302,3668,211410,T
394345069,3016,28,343824,552,2539,1736,1871,211727,F
405646888,3078,8,671004,863,2124,868,3979,210939,T
130381098,4342,201,616564,730,13880,434,3704,211756,T
473360894,2984,23,399856,1553,41642,1302,3536,211081,T
126934336,23,1,4324,468,26026,2170,2193,211140,T
615515414,67,10,9179,1163,3154,1736,3012,211224,T
825071283,33,1,8085,656,3203,1736,3531,211261,T
363727547,11,1,2299,1445,3718,1302,2880,211550,T
021413392,159,1,34344,1369,2508,1736,3212,211491,T
497262446,4331,209,524051,473,2776,1302,4416,211156,T
475440161,148,12,10952,972,3785,868,3979,210900,T
742509124,3100,35,31000,889,5078,2170,2596,211364,T
353409082,3005,17,36060,593,10410,868,4134,211336,F
756114478,4511,196,1001442,871,2813,1736,3481,211297,T
276282029,68,19,16524,1553,2421,868,2111,210995,T
347170932,4340,212,203980,575,2421,1736,3581,211743,T
704376104,4342,200,169338,730,2776,868,2494,211517,T
032984587,33,14,1518,1764,4626,1302,3559,210977,T
087627315,4349,185,130470,1794,9464,434,3661,210906,T
077884229,2994,1,556884,1476,2168,868,4380,210943,T
899680655,9,1,2061,676,7711,868,1885,211448,T
481916010,37,15,4255,1030,8328,434,2848,211525,T
650897213,4515,195,361200,483,3589,1736,2646,211341,T
033698819,4459,214,120393,487,10958,1736,2867,211701,T
639200193,4432,212,93072,762,2602,868,3531,211672,T
952729552,3114,13,401706,1445,2339,1736,3823,211230,T
443925504,4442,189,963914,846,7711,434,3258,211457,T
390307154,44,1,7348,494,2891,868,3757,211174,T
097303688,131,1,3406,1309,7179,1302,3659,211385,T
561687805,2991,10,726813,1826,2539,2170,2681,211658,T
457341490,4513,181,266267,636,2393,434,3509,211128,T
256417138,4461,221,758370,461,14872,1302,2843,210990,T
